point_1,point_1,point_1,point_2,point_2,point_2,duree (min),distance (km),empreinte carbone (gCO2),prix (euros)
nom,latitude,longitude,nom,latitude,longitude,,,,
Paris Charles de Gaulle (Central Bus Station - Terminal 3),49.01067,2.55926,Paris (Bercy Seine),48.83532,2.38052,42.69,29.749,1740.3,2.08
Lyon Perrache (Central Bus Station),45.74875,4.82602,Grenoble (central bus station),45.19283,5.71394,95.5,104.401,6107.5,7.31
Paris (Orly Airport),48.73156,2.37358,Paris (Bercy Seine),48.83532,2.38052,31.25,15.046,880.2,1.05
Lyon Perrache (Central Bus Station),45.74875,4.82602,Clermont-Ferrand (bus terminal Les Salins),45.77076,3.08225,128.12,166.36,9732.1,11.65
Paris Charles de Gaulle (Central Bus Station - Terminal 3),49.01067,2.55926,Lille,50.6392,3.0762,138.93,198.49,11611.7,13.89
Chalon-sur-Saône (Gare routière),46.78099,4.84434,Lyon Perrache (Central Bus Station),45.74875,4.82602,101.88,125.223,7325.5,8.77
Reims Champagne Ardenne TGV,49.21516,3.99451,Paris (Bercy Seine),48.83532,2.38052,108.93,143.912,8418.9,10.07
Angers (central bus station),47.46502,-0.55917,Nantes Haluchère,47.24893,-1.52081,67.86,82.957,4853.0,5.81
Toulouse (Central Bus Station Pierre Sémard),43.61252,1.45261,Agen (Exit A62),44.16644,0.60633,84.64,110.108,6441.3,7.71
Agen (Exit A62),44.16644,0.60633,Bordeaux Saint-Jean,44.82982,-0.55521,96.43,132.837,7771.0,9.3
Marseille (central bus station St Charles),43.30408,5.37999,Toulon (Central Bus Station),43.12779,5.93074,75.0,66.598,3896.0,4.66
Metz (central bus station),49.11016,6.18377,Reims Champagne Ardenne TGV,49.21516,3.99451,151.15,195.228,11420.8,13.67
Lille,50.6392,3.0762,Paris (Bercy Seine),48.83532,2.38052,176.92,221.962,12984.8,15.54
Lyon Saint Exupéry Airport,45.7185,5.07898,Lyon Perrache (Central Bus Station),45.74875,4.82602,44.17,28.722,1680.2,2.01
Paris (Bercy Seine),48.83532,2.38052,Paris La Défense (Terminal Jules Verne),48.89147,2.24247,41.54,12.732,744.8,0.89
Nîmes (P+R Parnasse),43.81743,4.36218,Montpellier (Sabines),43.58393,3.86023,53.89,53.173,3110.6,3.72
Nice Airport (Bus Station - Terminal 2),43.66021,7.20486,Cannes (Le Cannet),43.5707,7.01485,30.5,25.338,1482.3,1.77
Mulhouse (bus station),47.74208,7.34194,Belfort,47.6297,6.85617,45.0,46.792,2737.3,3.28
Aix-en-Provence (Parking Krypton),43.51099,5.44762,Marseille (central bus station St Charles),43.30408,5.37999,31.0,30.103,1761.0,2.11
Strasbourg,48.57418,7.75427,Metz (central bus station),49.11016,6.18377,123.12,165.286,9669.2,11.57
Orléans (Libération),47.91953,1.90349,Tours (Parking les Peupliers),47.38338,0.70235,90.62,121.895,7130.9,8.53
Nantes Haluchère,47.24893,-1.52081,Rennes (Central bus station),48.1039,-1.67062,89.38,107.451,6285.9,7.52
Tours (Parking les Peupliers),47.38338,0.70235,Poitiers (Central bus station),46.58451,0.33563,85.0,103.088,6030.6,7.22
Beaune (Péage Sud),47.00345,4.85347,Chalon-sur-Saône (Gare routière),46.78099,4.84434,21.88,27.623,1615.9,1.93
Vannes (Central bus station),47.66492,-2.75143,Nantes Haluchère,47.24893,-1.52081,88.12,112.728,6594.6,7.89
Lorient (central bus station),47.75536,-3.36449,Auray - Pluneret,47.66805,-2.95515,36.88,40.3,2357.5,2.82
Auray - Pluneret,47.66805,-2.95515,Vannes (Central bus station),47.66492,-2.75143,16.88,17.946,1049.8,1.26
Grenoble (central bus station),45.19283,5.71394,Lyon Saint Exupéry Airport,45.7185,5.07898,66.88,90.519,5295.4,6.34
Belfort,47.6297,6.85617,Besançon,47.24691,6.0226,70.62,95.936,5612.3,6.72
Clermont-Ferrand (bus terminal Les Salins),45.77076,3.08225,Thiers (Péage A89),45.86032,3.50309,33.75,38.444,2249.0,2.69
Thiers (Péage A89),45.86032,3.50309,Lyon Perrache (Central Bus Station),45.74875,4.82602,96.88,127.47,7457.0,8.92
Paris La Défense (Terminal Jules Verne),48.89147,2.24247,Le Havre (central bus station),49.49224,0.12615,139.38,185.942,10877.6,13.02
Tourcoing,50.72131,3.16288,Lille,50.6392,3.0762,20.0,11.874,694.6,0.83
Périgueux (Créavallée Nord),45.14313,0.69851,Bordeaux Saint-Jean,44.82982,-0.55521,93.12,125.624,7349.0,8.79
Strasbourg,48.57418,7.75427,Colmar,48.07375,7.3478,61.25,77.699,4545.4,5.44
Colmar,48.07375,7.3478,Mulhouse (bus station),47.74208,7.34194,39.38,42.646,2494.8,2.99
Chambéry (Central Bus Station),45.56998,5.91742,Grenoble (central bus station),45.19283,5.71394,59.38,58.794,3439.4,4.12
Chalon-sur-Saône (Gare routière),46.78099,4.84434,Paris (Bercy Seine),48.83532,2.38052,238.75,337.43,19739.7,23.62
Paris La Défense (Terminal Jules Verne),48.89147,2.24247,Rouen (Avenue Champlain),49.43419,1.0927,98.89,122.809,7184.3,8.6
Paris Porte de Saint Ouen,48.90109,2.3318,Rouen (Avenue Champlain),49.43419,1.0927,113.33,129.842,7595.8,9.09
Caen (central bus station),49.17649,-0.34679,Incarville - Val de Reuil,49.23541,1.18268,95.0,131.06,7667.0,9.17
Paris (Bercy Seine),48.83532,2.38052,Paris - Massy-Palaiseau (Bus station Vilmorin),48.72606,2.25714,40.83,23.072,1349.7,1.62
Annecy (Central Bus Station),45.90166,6.12032,Chambéry (Central Bus Station),45.56998,5.91742,45.0,48.4,2831.4,3.39
Tulle (Péage Nord),45.32849,1.76515,Brive-la-Gaillarde (Centre Commercial Ouest),45.14592,1.48255,30.0,40.013,2340.8,2.8
Paris (Bercy Seine),48.83532,2.38052,Lyon Perrache (Central Bus Station),45.74875,4.82602,353.33,461.116,26975.3,32.28
Poitiers (Central bus station),46.58451,0.33563,Saintes,45.75549,-0.65154,116.67,138.276,8089.1,9.68
Bordeaux Saint-Jean,44.82982,-0.55521,Bayonne (Quai de Lesseps),43.49639,-1.47402,139.17,189.309,11074.6,13.25
Narbonne (Croix Sud),43.16527,2.98845,Montpellier (Sabines),43.58393,3.86023,83.33,91.198,5335.1,6.38
Angers (central bus station),47.46502,-0.55917,Saumur Nord -Vivy,47.31008,-0.03161,42.5,58.722,3435.2,4.11
Saumur Nord -Vivy,47.31008,-0.03161,Tours (Parking les Peupliers),47.38338,0.70235,51.67,79.176,4631.8,5.54
Besançon,47.24691,6.0226,Lyon Perrache (Central Bus Station),45.74875,4.82602,186.67,255.443,14943.4,17.88
Lyon Perrache (Central Bus Station),45.74875,4.82602,Avignon (Le Pontet),43.96063,4.85594,180.83,223.103,13051.5,15.62
Bordeaux Saint-Jean,44.82982,-0.55521,Niort (Pied de Fond),46.30729,-0.48525,135.0,189.904,11109.4,13.29
Niort (Pied de Fond),46.30729,-0.48525,Nantes Haluchère,47.24893,-1.52081,115.0,150.206,8787.1,10.51
Nice Airport (Bus Station - Terminal 2),43.66021,7.20486,Toulon (Central Bus Station),43.12779,5.93074,105.0,143.373,8387.3,10.04
Avignon (Le Pontet),43.96063,4.85594,Nîmes (P+R Parnasse),43.81743,4.36218,50.0,52.408,3065.9,3.67
Perpignan (Central Bus station),42.69502,2.87907,Montpellier (Sabines),43.58393,3.86023,113.33,1.046,61.2,0.07
Paris Porte de Saint Ouen,48.90109,2.3318,Le Havre (central bus station),49.49224,0.12615,158.33,192.975,11289.0,13.51
Paris Porte de Saint Ouen,48.90109,2.3318,Paris (Bercy Seine),48.83532,2.38052,38.57,15.781,923.2,1.1
Paris Charles de Gaulle (Central Bus Station - Terminal 3),49.01067,2.55926,Paris La Défense (Terminal Jules Verne),48.89147,2.24247,49.17,30.563,1787.9,2.14
Toulouse (Central Bus Station Pierre Sémard),43.61252,1.45261,Carcassonne,43.21546,2.34779,91.67,94.106,5505.2,6.59
Montpellier (Sabines),43.58393,3.86023,Marseille (central bus station St Charles),43.30408,5.37999,133.33,170.175,9955.2,11.91
Dijon (bus station),47.32353,5.0279,Auxerre,47.79662,3.5845,109.17,147.0,8599.5,10.29
Auxerre,47.79662,3.5845,Paris (Bercy Seine),48.83532,2.38052,128.33,167.739,9812.7,11.74
Valence France (Central bus station),44.92691,4.89239,Lyon Perrache (Central Bus Station),45.74875,4.82602,86.67,107.651,6297.6,7.54
Dijon (bus station),47.32353,5.0279,Beaune (Péage Sud),47.00345,4.85347,41.67,42.4,2480.4,2.97
Paris - Massy-Palaiseau (Bus station Vilmorin),48.72606,2.25714,Orléans (Libération),47.91953,1.90349,83.75,109.788,6422.6,7.69
Cannes (Le Cannet),43.5707,7.01485,Fréjus (Péage Ouest),43.45631,6.68948,36.25,39.694,2322.1,2.78
Marseille (central bus station St Charles),43.30408,5.37999,Lyon Perrache (Central Bus Station),45.74875,4.82602,231.25,312.671,18291.3,21.89
Lyon Perrache (Central Bus Station),45.74875,4.82602,Paris (Orly Airport),48.73156,2.37358,324.0,448.774,26253.3,31.41
Annecy (Central Bus Station),45.90166,6.12032,Aix-les-Bains (Centre Commercial),45.65674,5.91252,30.0,274.023,16030.3,19.18
Aix-les-Bains (Centre Commercial),45.65674,5.91252,Lyon Perrache (Central Bus Station),45.74875,4.82602,91.25,102.515,5997.1,7.18
Clermont-Ferrand (bus terminal Les Salins),45.77076,3.08225,Ussel,45.51243,2.25747,125.0,90.376,5287.0,6.33
Ussel,45.51243,2.25747,Tulle (Péage Nord),45.32849,1.76515,40.0,52.075,3046.4,3.65
Montauban (Aussone),44.04471,1.38971,Toulouse (Central Bus Station Pierre Sémard),43.61252,1.45261,55.0,57.766,3379.3,4.04
Lyon Perrache (Central Bus Station),45.74875,4.82602,Chambéry (Central Bus Station),45.56998,5.91742,87.5,98.806,5780.2,6.92
Paris (Bercy Seine),48.83532,2.38052,Tours (Parking les Peupliers),47.38338,0.70235,177.5,237.119,13871.5,16.6
Reims Champagne Ardenne TGV,49.21516,3.99451,Paris (Gallieni),48.8656,2.41457,136.25,145.573,8516.0,10.19
Nantes Haluchère,47.24893,-1.52081,La Rochelle (Bus Station),46.16225,-1.15415,120.0,145.924,8536.6,10.21
La Rochelle (Bus Station),46.16225,-1.15415,Bordeaux Saint-Jean,44.82982,-0.55521,142.5,188.102,11004.0,13.17
Paris (Bercy Seine),48.83532,2.38052,Versailles (IC),48.80042,2.07517,30.0,29.704,1737.7,2.08
Versailles (IC),48.80042,2.07517,Orléans (Libération),47.91953,1.90349,90.0,115.469,6754.9,8.08
Lyon Perrache (Central Bus Station),45.74875,4.82602,Bellegarde (Péage),46.11511,5.7949,95.0,110.485,6463.4,7.73
Bourges (central bus station),47.08247,2.3867,Clermont-Ferrand (bus terminal Les Salins),45.77076,3.08225,141.25,191.848,11223.1,13.43
Montpellier (Sabines),43.58393,3.86023,Toulouse (Central Bus Station Pierre Sémard),43.61252,1.45261,168.75,239.038,13983.7,16.73
Toulouse (Central Bus Station Pierre Sémard),43.61252,1.45261,Narbonne (Croix Sud),43.16527,2.98845,121.25,149.806,8763.7,10.49
Tours (Parking les Peupliers),47.38338,0.70235,Clermont-Ferrand (bus terminal Les Salins),45.77076,3.08225,263.0,340.986,19947.7,23.87
Quimper (Central bus station),47.99469,-4.09378,Lorient (central bus station),47.75536,-3.36449,55.0,66.142,3869.3,4.63
Le Mans,48.01747,0.14949,Angers (central bus station),47.46502,-0.55917,68.75,92.18,5392.5,6.45
Avignon (Le Pontet),43.96063,4.85594,Aix-en-Provence (Parking Krypton),43.51099,5.44762,75.0,82.136,4805.0,5.75
Bordeaux Saint-Jean,44.82982,-0.55521,Paris (Bercy Seine),48.83532,2.38052,405.0,585.886,34274.3,41.01
Paris Charles de Gaulle (Central Bus Station - Terminal 3),49.01067,2.55926,Paris Porte de Saint Ouen,48.90109,2.3318,41.67,24.237,1417.9,1.7
Paris (Bercy Seine),48.83532,2.38052,Paris Pont de Levallois,48.89774,2.28125,38.75,12.427,727.0,0.87
Brive-la-Gaillarde (Centre Commercial Ouest),45.14592,1.48255,Périgueux (Créavallée Nord),45.14313,0.69851,49.75,76.066,4449.9,5.32
Périgueux (Créavallée Nord),45.14313,0.69851,Clermont-Ferrand (bus terminal Les Salins),45.77076,3.08225,210.0,245.161,14341.9,17.16
Nîmes (P+R Parnasse),43.81743,4.36218,Lyon Perrache (Central Bus Station),45.74875,4.82602,180.0,255.556,14950.0,17.89
Rennes (Central bus station),48.1039,-1.67062,Paris (Bercy Seine),48.83532,2.38052,255.0,344.992,20182.0,24.15
Annemasse,46.19933,6.23778,Annecy (Rue Vaugelas),45.90098,6.12144,42.5,48.995,2866.2,3.43
Annecy (Rue Vaugelas),45.90098,6.12144,Chambéry (Central Bus Station),45.56998,5.91742,45.0,48.427,2833.0,3.39
Grenoble (central bus station),45.19283,5.71394,Valence France (Central bus station),44.92691,4.89239,115.0,92.644,5419.7,6.49
Valence France (Central bus station),44.92691,4.89239,Avignon (Le Pontet),43.96063,4.85594,92.5,123.124,7202.8,8.62
Nîmes (P+R Parnasse),43.81743,4.36218,Toulouse (Central Bus Station Pierre Sémard),43.61252,1.45261,212.5,288.705,16889.2,20.21
Toulouse (Central Bus Station Pierre Sémard),43.61252,1.45261,Orthez,43.46717,-0.74906,165.0,231.515,13543.6,16.21
Grenoble (central bus station),45.19283,5.71394,Aix-en-Provence (Parking Krypton),43.51099,5.44762,227.5,290.083,16969.9,20.31
Niort (Pied de Fond),46.30729,-0.48525,Poitiers (Central bus station),46.58451,0.33563,73.33,80.105,4686.1,5.61
Étampes,48.43366,2.17208,Arpajon,48.5866,2.24539,15.0,19.121,1118.6,1.34
Arpajon,48.5866,2.24539,Paris (Bercy Seine),48.83532,2.38052,35.0,32.314,1890.4,2.26
Paris (Bercy Seine),48.83532,2.38052,Champigny,48.81273,2.53239,25.0,15.693,918.0,1.1
Champigny,48.81273,2.53239,Château-Thierry,49.05927,3.3949,68.33,82.162,4806.5,5.75
Château-Thierry,49.05927,3.3949,Reims Champagne Ardenne TGV,49.21516,3.99451,45.0,59.596,3486.4,4.17
Metz (central bus station),49.11016,6.18377,Hagondange,49.25394,6.16793,20.0,19.853,1161.4,1.39
Reims Champagne Ardenne TGV,49.21516,3.99451,Strasbourg,48.57418,7.75427,235.0,351.92,20587.3,24.63
Rouen (Avenue Champlain),49.43419,1.0927,Yvetot,49.61887,0.75476,35.0,35.996,2105.8,2.52
Yvetot,49.61887,0.75476,Fécamp (Gare routière),49.75924,0.37522,35.0,34.22,2001.9,2.4
Incarville - Val de Reuil,49.23541,1.18268,Paris (Bercy Seine),48.83532,2.38052,110.0,116.406,6809.8,8.15
Incarville - Val de Reuil,49.23541,1.18268,Paris La Défense (Terminal Jules Verne),48.89147,2.24247,73.33,97.914,5728.0,6.85
Cannes (Le Cannet),43.5707,7.01485,Marseille (central bus station St Charles),43.30408,5.37999,127.5,171.461,10030.5,12.0
Saint-Étienne,45.4425,4.40286,Clermont-Ferrand (bus terminal Les Salins),45.77076,3.08225,112.5,149.162,8726.0,10.44
Dieppe (Central bus station),49.92152,1.08058,Rouen (Avenue Champlain),49.43419,1.0927,57.0,64.552,3776.3,4.52
Tours (Parking les Peupliers),47.38338,0.70235,Angers (central bus station),47.46502,-0.55917,100.0,128.95,7543.6,9.03
Nice Airport (Bus Station - Terminal 1),43.66482,7.20959,Cannes (Le Cannet),43.5707,7.01485,42.5,25.321,1481.3,1.77
Fréjus (Péage Ouest),43.45631,6.68948,Marseille (central bus station St Charles),43.30408,5.37999,95.0,133.318,7799.1,9.33
Brive-la-Gaillarde (Centre Commercial Ouest),45.14592,1.48255,Montauban (Aussone),44.04471,1.38971,95.0,139.739,8174.7,9.78
Calais (Bus Stop on Terminal Ferry),50.96679,1.86345,Paris (Bercy Seine),48.83532,2.38052,230.0,291.8,17070.3,20.43
Saintes,45.75549,-0.65154,Bordeaux Saint-Jean,44.82982,-0.55521,85.0,117.978,6901.7,8.26
Montauban (Aussone),44.04471,1.38971,Limoges (central bus station),45.8359,1.26835,155.0,232.481,13600.1,16.27
Limoges (central bus station),45.8359,1.26835,Orléans (Libération),47.91953,1.90349,192.5,270.28,15811.4,18.92
Toulouse (Blagnac Airport),43.63044,1.3745,Toulouse (Central Bus Station Pierre Sémard),43.61252,1.45261,20.0,4.506,263.6,0.32
Toulouse (Central Bus Station Pierre Sémard),43.61252,1.45261,Cahors,44.45141,1.43959,85.0,113.557,6643.1,7.95
Cahors,44.45141,1.43959,Brive-la-Gaillarde (Centre Commercial Ouest),45.14592,1.48255,73.0,94.359,5520.0,6.61
Brive-la-Gaillarde (Centre Commercial Ouest),45.14592,1.48255,Limoges (central bus station),45.8359,1.26835,72.5,93.793,5486.9,6.57
Limoges (central bus station),45.8359,1.26835,Paris (Orly Airport),48.73156,2.37358,280.0,384.99,22521.9,26.95
Dijon (Université),47.30928,5.07161,Beaune (Péage Sud),47.00345,4.85347,30.0,40.259,2355.2,2.82
Lyon Perrache (Central Bus Station),45.74875,4.82602,Beaune (Péage Sud),47.00345,4.85347,115.0,151.047,8836.2,10.57
Paris (Orly Airport),48.73156,2.37358,Bordeaux Saint-Jean,44.82982,-0.55521,408.0,575.775,33682.8,40.3
Bayonne (Quai de Lesseps),43.49639,-1.47402,Biarritz (Centre),43.47716,-1.55287,17.5,8.618,504.2,0.6
Paris (Orly Airport),48.73156,2.37358,Orléans (Libération),47.91953,1.90349,90.0,120.69,7060.4,8.45
Orléans (Libération),47.91953,1.90349,Bourges (central bus station),47.08247,2.3867,110.0,124.294,7271.2,8.7
Clermont-Ferrand (bus terminal Les Salins),45.77076,3.08225,Perpignan (Central Bus station),42.69502,2.87907,317.5,433.071,25334.7,30.31
Bordeaux Saint-Jean,44.82982,-0.55521,Nantes Haluchère,47.24893,-1.52081,250.0,358.184,20953.8,25.07
Rennes (Central bus station),48.1039,-1.67062,Saint-Malo (Esplanade de la Bourse),48.64613,-2.02546,67.5,72.318,4230.6,5.06
Montpellier (Sabines),43.58393,3.86023,Aire de Service d'Ambrussum Sud,43.71208,4.13054,25.0,28.362,1659.2,1.99
Aire de Service d'Ambrussum Sud,43.71208,4.13054,Nîmes (P+R Parnasse),43.81743,4.36218,25.0,25.444,1488.5,1.78
Nîmes (P+R Parnasse),43.81743,4.36218,Marseille (central bus station St Charles),43.30408,5.37999,90.0,119.719,7003.6,8.38
Paris (Bercy Seine),48.83532,2.38052,Poitiers Futuroscope (Gare TGV),46.66958,0.37564,245.0,327.965,19186.0,22.96
Poitiers Futuroscope (Gare TGV),46.66958,0.37564,Bordeaux Saint-Jean,44.82982,-0.55521,205.0,260.783,15255.8,18.25
Brest,48.38771,-4.48221,Quimper (Central bus station),47.99469,-4.09378,62.5,73.331,4289.9,5.13
Paris (Orly Airport),48.73156,2.37358,Le Mans,48.01747,0.14949,150.0,200.169,11709.9,14.01
Nantes Haluchère,47.24893,-1.52081,La Roche sur Yon,46.67306,-1.43512,60.0,75.218,4400.3,5.27
La Roche sur Yon,46.67306,-1.43512,La Rochelle (Bus Station),46.16225,-1.15415,87.5,84.512,4944.0,5.92
La Rochelle (Bus Station),46.16225,-1.15415,Rochefort,45.94704,-0.96317,30.0,38.05,2225.9,2.66
Cannes (Le Cannet),43.5707,7.01485,Aix-en-Provence (Parking Krypton),43.51099,5.44762,115.0,149.247,8730.9,10.45
Aix-en-Provence (Parking Krypton),43.51099,5.44762,Nîmes (P+R Parnasse),43.81743,4.36218,87.5,102.673,6006.4,7.19
Perpignan (Central Bus station),42.69502,2.87907,Toulouse (Central Bus Station Pierre Sémard),43.61252,1.45261,195.0,207.0,12109.5,14.49
Strasbourg,48.57418,7.75427,Mulhouse (bus station),47.74208,7.34194,90.0,115.723,6769.8,8.1
La Roche Sur Foron,46.06715,6.3127,Annecy (Gare Routière Sud),45.9017,6.12168,30.0,36.909,2159.2,2.58
Annecy (Gare Routière Sud),45.9017,6.12168,Chambéry (Place de la Gare),45.57058,5.91973,30.0,49.37,2888.1,3.46
Chambéry (Place de la Gare),45.57058,5.91973,Grenoble (Eurolines),45.19272,5.7143,45.0,59.061,3455.1,4.13
Grenoble (Eurolines),45.19272,5.7143,Lyon Perrache (Eurolines),45.74916,4.82632,80.0,105.174,6152.7,7.36
Montpellier (Sabines),43.58393,3.86023,Béziers (de Gaulle),43.34534,3.21799,60.0,66.162,3870.5,4.63
Béziers (de Gaulle),43.34534,3.21799,Narbonne (Central bus station),43.18833,3.00335,32.5,27.262,1594.8,1.91
Narbonne (Central bus station),43.18833,3.00335,Toulouse (Central Bus Station Pierre Sémard),43.61252,1.45261,110.0,152.876,8943.2,10.7
Paris (Bercy Seine),48.83532,2.38052,Paris (Pont de Sèvres),48.82971,2.22978,47.5,15.398,900.8,1.08
Paris (Pont de Sèvres),48.82971,2.22978,Angers (central bus station),47.46502,-0.55917,240.0,288.464,16875.1,20.19
Montpellier (Sabines),43.58393,3.86023,Avignon (Le Pontet),43.96063,4.85594,84.5,100.298,5867.4,7.02
Avignon (Le Pontet),43.96063,4.85594,Besançon,47.24691,6.0226,330.0,474.975,27786.0,33.25
Besançon,47.24691,6.0226,Mulhouse (bus station),47.74208,7.34194,97.5,139.387,8154.1,9.76
Paris La Défense (Terminal Jules Verne),48.89147,2.24247,Paris Porte de Saint Ouen,48.90109,2.3318,20.0,10.987,642.7,0.77
Le Havre (central bus station),49.49224,0.12615,Paris (Bercy Seine),48.83532,2.38052,190.0,205.484,12020.8,14.38
Pau,43.31899,-0.3621,Tarbes,43.22999,0.08026,44.5,42.968,2513.6,3.01
Tarbes,43.22999,0.08026,Toulouse (Central Bus Station Pierre Sémard),43.61252,1.45261,120.0,156.674,9165.4,10.97
Carcassonne,43.21546,2.34779,Narbonne (Central bus station),43.18833,3.00335,50.0,69.314,4054.9,4.85
Narbonne (Central bus station),43.18833,3.00335,Montpellier (Sabines),43.58393,3.86023,75.0,92.31,5400.1,6.46
Toulon (Central Bus Station),43.12779,5.93074,Puget-sur-Argens,43.45696,6.68937,65.0,85.1,4978.3,5.96
Puget-sur-Argens,43.45696,6.68937,Cannes (Le Cannet),43.5707,7.01485,32.5,38.351,2243.5,2.68
Hendaye,43.35113,-1.78327,Bordeaux Saint-Jean,44.82982,-0.55521,152.5,222.184,12997.8,15.55
Montpellier (Sabines),43.58393,3.86023,Lyon Perrache (Central Bus Station),45.74875,4.82602,220.0,302.803,17714.0,21.2
Grenoble (central bus station),45.19283,5.71394,Voiron (Champfeuillet),45.34993,5.56773,25.0,23.754,1389.6,1.66
Voiron (Champfeuillet),45.34993,5.56773,Lyon Perrache (Central Bus Station),45.74875,4.82602,65.0,83.007,4855.9,5.81
Paris Pont de Levallois,48.89774,2.28125,Rouen (Avenue Champlain),49.43419,1.0927,95.0,126.274,7387.0,8.84
Lons-le-Saunier Autocar Transarc Credoz,46.69305,5.55781,Dijon (bus station),47.32353,5.0279,80.0,96.208,5628.2,6.73
Lille,50.6392,3.0762,Compiègne Sud (Verberie Parking PL),49.32154,2.69752,110.0,157.391,9207.4,11.02
Paris (Orly Airport),48.73156,2.37358,Rennes (Central bus station),48.1039,-1.67062,257.5,338.471,19800.6,23.69
Lorient (central bus station),47.75536,-3.36449,Concarneau Nord,47.922,-3.90163,37.5,49.872,2917.5,3.49
Concarneau Nord,47.922,-3.90163,Quimper (Central bus station),47.99469,-4.09378,20.0,20.529,1200.9,1.44
Paris La Défense (Terminal Jules Verne),48.89147,2.24247,Honfleur (Central Bus Station),49.4188,0.23838,140.0,188.115,11004.7,13.17
Honfleur (Central Bus Station),49.4188,0.23838,Deauville (Train Station),49.35927,0.08389,25.0,15.756,921.7,1.1
Deauville (Train Station),49.35927,0.08389,Cabourg,49.29418,-0.10658,37.5,25.703,1503.6,1.8
Marseille (central bus station St Charles),43.30408,5.37999,Avignon (Central Bus Station),43.94213,4.80773,90.0,96.02,5617.2,6.72
Avignon (Central Bus Station),43.94213,4.80773,Montpellier (Sabines),43.58393,3.86023,55.0,95.888,5609.4,6.71
Le Mans,48.01747,0.14949,Paris Pont de Levallois,48.89774,2.28125,155.0,211.875,12394.7,14.83
Paris Pont de Levallois,48.89774,2.28125,Paris Charles de Gaulle (Central Bus Station - Terminal 3),49.01067,2.55926,40.0,27.225,1592.7,1.91
Fréjus (Péage Ouest),43.45631,6.68948,Aix-en-Provence (Parking Krypton),43.51099,5.44762,80.0,111.104,6499.6,7.78
Aix-en-Provence (Parking Krypton),43.51099,5.44762,Valence France (Central bus station),44.92691,4.89239,190.0,196.374,11487.9,13.75
Lorient (central bus station),47.75536,-3.36449,Rennes (Central bus station),48.1039,-1.67062,120.0,150.287,8791.8,10.52
Forbach (central bus station),49.18872,6.90009,Metz (central bus station),49.11016,6.18377,55.0,57.645,3372.2,4.04
Metz (central bus station),49.11016,6.18377,Paris (Bercy Seine),48.83532,2.38052,270.0,330.918,19358.7,23.16
Tours (Parking les Peupliers),47.38338,0.70235,Bourges (central bus station),47.08247,2.3867,157.5,163.282,9552.0,11.43
Orléans (Libération),47.91953,1.90349,Étampes,48.43366,2.17208,60.0,70.143,4103.4,4.91
Tours (Parking les Peupliers),47.38338,0.70235,Étampes,48.43366,2.17208,160.0,179.952,10527.2,12.6
Dijon (bus station),47.32353,5.0279,Langres (North Tollgate),47.93602,5.28728,77.5,86.1,5036.8,6.03
Langres (North Tollgate),47.93602,5.28728,Nancy,48.69483,6.19047,95.0,139.141,8139.7,9.74
Avignon (Le Pontet),43.96063,4.85594,Fréjus (Péage Ouest),43.45631,6.68948,147.5,191.65,11211.5,13.42
Fréjus (Péage Ouest),43.45631,6.68948,Antibes (Pôle d'échanges),43.58636,7.11893,40.0,47.683,2789.5,3.34
Antibes (Pôle d'échanges),43.58636,7.11893,Nice Airport (Bus Station - Terminal 2),43.66021,7.20486,30.0,14.479,847.0,1.01
Belfort,47.6297,6.85617,Montbéliard (Exchange Terminal Montbéliard Acropole),47.5089,6.80187,15.0,19.496,1140.5,1.36
Montbéliard (Exchange Terminal Montbéliard Acropole),47.5089,6.80187,Besançon,47.24691,6.0226,62.5,81.677,4778.1,5.72
Besançon,47.24691,6.0226,Dijon (bus station),47.32353,5.0279,82.5,97.465,5701.7,6.82
Clermont-Ferrand (bus terminal Les Salins),45.77076,3.08225,Clermont-Ferrand (Campus des Cézeaux),45.76416,3.1126,12.5,5.388,315.2,0.38
Clermont-Ferrand (Campus des Cézeaux),45.76416,3.1126,Bourges (central bus station),47.08247,2.3867,132.5,189.085,11061.5,13.24
Bourges (central bus station),47.08247,2.3867,Paris - Massy-Palaiseau (Bus station Vilmorin),48.72606,2.25714,155.0,228.004,13338.2,15.96
Paris (Bercy Seine),48.83532,2.38052,Laval (Bus Station),48.07614,-0.75964,210.0,277.375,16226.4,19.42
Laval (Bus Station),48.07614,-0.75964,Rennes (Central bus station),48.1039,-1.67062,60.0,78.711,4604.6,5.51
Montpellier (Sabines),43.58393,3.86023,Marseille Airport (Bus Station),43.44318,5.22045,112.5,150.321,8793.8,10.52
Marseille Airport (Bus Station),43.44318,5.22045,Marseille (central bus station St Charles),43.30408,5.37999,30.0,25.84,1511.6,1.81
Paris (Bercy Seine),48.83532,2.38052,Nantes Haluchère,47.24893,-1.52081,295.0,374.953,21934.8,26.25
Strasbourg,48.57418,7.75427,Paris (Bercy Seine),48.83532,2.38052,337.5,488.409,28571.9,34.19
Paris La Défense (Terminal Jules Verne),48.89147,2.24247,Caen (central bus station),49.17649,-0.34679,160.0,224.84,13153.1,15.74
Caen (central bus station),49.17649,-0.34679,Paris Pont de Levallois,48.89774,2.28125,167.5,228.736,13381.1,16.01
Lyon Perrache (Central Bus Station),45.74875,4.82602,Saint-Étienne,45.4425,4.40286,62.5,58.979,3450.3,4.13
Toulouse (Central Bus Station Pierre Sémard),43.61252,1.45261,Marseille (central bus station St Charles),43.30408,5.37999,302.5,405.389,23715.3,28.38
Toulon (Central Bus Station),43.12779,5.93074,Nice Airport (Bus Station - Terminal 1),43.66482,7.20959,117.5,143.0,8365.5,10.01
Valence France (Central bus station),44.92691,4.89239,Marseille (central bus station St Charles),43.30408,5.37999,155.0,212.849,12451.7,14.9
Tulle (Péage Nord),45.32849,1.76515,Clermont-Ferrand (bus terminal Les Salins),45.77076,3.08225,117.5,141.011,8249.1,9.87
Saint-Étienne,45.4425,4.40286,Givors (South Lyon),45.59105,4.77193,35.0,37.148,2173.2,2.6
Givors (South Lyon),45.59105,4.77193,Lyon Perrache (Central Bus Station),45.74875,4.82602,20.0,23.717,1387.4,1.66
Dunkerque,51.03119,2.36896,Lille,50.6392,3.0762,60.0,82.963,4853.3,5.81
Calais (Bus Stop on Terminal Ferry),50.96679,1.86345,Lille,50.6392,3.0762,90.0,116.484,6814.3,8.15
Marseille (central bus station St Charles),43.30408,5.37999,Avignon (Le Pontet),43.96063,4.85594,77.5,98.585,5767.2,6.9
